"sigma.start";"alpha.start"
10,6636546551792;7,02913221798932
9,00643441374407;15,6988791291111
-5,12927364862828;10,4527859945186
-3,91143894599201;15,2536718450883
-2,15556354212473;-23,0929412590899
11,1137885233885;-6,79217397205856
13,0732221157362;-22,0957640194811
7,39084256700143;11,8374613051418
12,1450055948748;-8,3414477114533
2,95852825599887;-2,39421223070249
-1,13871867945176;-3,43674050433122
6,56462056816404;9,45372053380807
-5,27363915321152;-13,0510222180925
-1,23785078492771;-3,37331414810795
-23,7057815458999;-15,6344799145682
1,30056679938827;9,38749445794977
9,42065842672419;-14,5374540700302
-9,29425195064501;-2,64981660388187
6,91487936716241;-4,6868247995838
-9,03517189128143;0,853952714211051
5,66933321950018;-17,8480070972656
-9,69072111450187;-8,44214695106189
-6,7932719555461;9,11947323315458
-7,88519818971776;-1,56882813881217
10,0601750054154;-1,53410182470599
3,27127538098179;-0,516061132179276
9,88552710972769;-15,7212228100456
0,76234704027093;-22,251861039308
6,4146916207551;8,33422654146845
26,0715938104166;-14,824636588813
-3,45854916319844;9,22384942098088
7,66195346821955;11,323085796874
18,5375329138265;6,30038002823908
3,37709999650558;1,463650774182
-0,503582198810897;16,0207506419255
12,0595057872059;6,89685621924597
-17,0729439202453;4,30089049822471
-7,52288545649461;-20,2052359853909
10,7134959847826;12,2743194206564
-0,744392433014927;-7,41992096125495
10,1787623170687;2,1574727044965
-13,4818947932565;9,88881354366747
-15,6127159305253;-13,6794278867669
2,203102419884;-0,844601929783407
-10,2161870039283;5,2154138335854
-11,2898767850665;8,12657136486017
2,29315650137422;10,1333577559684
-6,84079991127987;-19,851601806633
8,19273631297273;-3,21988155264971
11,1049258401652;-5,23956681363385
-1,06352790972447;3,76087615476067
13,4929854283594;-14,426997855457
26,2031414616405;-4,58510299031587
0,491264712163917;4,24941084590249
-3,90388612439061;-15,2422026240002
7,0816721154563;-5,06576857967603
-7,96928034778498;-11,9807240786922
-5,44343669997665;20,4276689579097
8,11543936727373;6,9974155574296
-10,2781563715579;2,35987679452756
3,07059542998666;-7,18480198462736
6,86408392248082;-0,525322907795975
17,1608460230003;-7,39068848091577
-0,775562827006484;-8,80740497950986
2,18165700544365;5,36371920283609
2,90762704037364;11,2978074670082
-5,10410749537017;2,56864466980225
-6,80203867211158;0,625233494861325
7,52807015477506;-1,18967289356043
-1,81240160918699;3,02652199296128
2,42578238531006;3,33209267669081
-0,159569816471513;7,50781971699268
-0,358811004008856;-3,65953502099993
-15,8865614646185;-1,6720327210465
-12,1537757603511;-5,66722495769115
5,11099804928007;-4,3947625039026
-12,6859716301369;0,0242391039386471
16,0907044105078;-7,99432852483926
-2,62106997293225;-0,21077122359292
-12,6470322802762;-12,1887364607384
3,82009467223446;-3,42965003322016
-0,557493650894508;10,5339180647541
4,04213952040517;-9,59391470418854
-13,0097719129772;16,5115183673628
-7,34451873335283;-2,41478532772306
-5,64542983043807;-0,421707343761788
7,28204763685966;-10,1920724846698
6,54897480922674;-2,21685355317183
-4,92833844809797;8,07944291136682
6,80831180230638;16,3165020397427
-2,19953899058807;6,13538262880832
7,27100824861755;-6,83896553001354
7,97073977750574;10,0195459474021
-2,2181467748538;-6,1102761174427
3,09646258569063;17,417087472212
-6,85149020447691;-0,343700607441236
12,9584450081891;-0,261591026353025
-13,8668425969712;2,11392320043464
9,33060890312734;-9,07530060707044
0,430365885377833;-10,4024412903166
-16,0562371622867;-10,7669387964701
8,75186529461237;-0,392274018378087
-6,79424269600606;-14,262958529415
1,17136279037843;-7,98363715942106
-8,7414384314995;-13,6278950744247
4,90954631108829;-5,15070266205606
-9,18436205279859;-2,0403598623353
16,1097185876353;-11,4162457583488
-6,8391297465389;1,96550309837041
-1,73355261986245;-0,800163299009224
-17,4700793651963;-4,95486931284229
-7,5392385970758;-4,20505498791747
-2,50589485297874;-12,4102237485522
0,753296026126941;-11,0028998797885
-0,989241299132191;17,2715010946809
-10,4316245307984;5,56723201293153
-3,39457038492379;-5,15748322157477
1,90615289199937;0,0553689618555777
5,20806860918553;0,0581028372265502
13,6355386695534;3,51492992719405
7,64485887100989;-8,70392670231304
3,31731625836361;-13,3467113272388
-11,7402075359019;7,15673232390075
-9,75074680288276;-15,1457200892086
1,4764666531441;7,77463984576704
5,07216801773355;18,5085047562455
4,20302923169453;26,0528146566192
-6,66594266376444;-6,5862575736369
-10,0273679440544;14,6902882642316
11,0146955288784;-2,70044149539729
2,54570007571058;-1,88832378179586
-16,7387612866546;11,9427487363444
-17,4755520856106;12,9907869835808
1,80211588215383;-5,80663986971751
-7,3404733912802;-6,0764525883548
-5,33258227035525;-9,92641005305452
-0,301040988314315;13,6958800673355
-0,205540006448227;10,2789226634114
7,47412361250472;4,0081014674299
-9,8123100320331;-15,5505486532596
-8,46564905783726;21,1842809870326
-5,70851208108702;6,96643704630661
-5,77147671649856;-12,655700323156
0,561969257257533;6,8565439393932
-11,8549211765652;-1,26355926944562
-9,48334299964767;4,0614292851022
-2,22480238808417;-5,29712585926395
5,02123779927173;10,3550591324838
12,8957736446096;-15,2732716257874
-5,37782231941213;-0,717223561516528
14,0279304851521;1,283463160954
-3,53400453070889;-8,37491107599369
3,38334806428725;-0,870242041478941
-3,49359265329879;-2,76983472176824
-10,2901825309703;7,71181934761049
-3,7963967242372;5,47260167064084
3,51671922159097;20,6145622755188
-4,02931987581827;6,26163441164561
8,92162184331323;7,16754975050001
2,37304827248062;13,706945061446
0,964905105135021;-13,7942142923954
6,17845381352243;0,963168612489216
3,87726878967749;4,1844038519326
3,63919054585293;3,60712696445108
-3,55524192295739;-4,92145628724869
13,139194595982;5,46150862639335
-2,22699999398705;-3,56370379764882
16,4822016192955;5,20184731868662
18,2760644034702;19,4280023988226
-4,67940821361174;1,01015599828295
-2,51637953270202;5,61474815177217
10,3838313439182;9,06148798876538
-12,2965677820294;9,71052450892885
-10,6343274690909;-19,2713443607514
5,58521564734005;-4,18863798381646
1,06021410252768;-1,78685178729496
5,11130207933626;9,06562084260814
-7,85540388895892;1,16879471286948
-2,31028917361151;8,98353134654676
-6,72866452328602;-26,8625360045037
13,5273457246828;-18,9065433933222
6,19384157827312;-6,21542346470521
1,92895896437366;0,489758087623406
-14,1763682111044;9,58024065374684
2,18215759105357;2,88086815565758
3,97422482629345;-1,2299521788109
3,75507176300212;-5,71837163074165
-4,96461917630869;-3,80378300746758
4,97032067997003;-1,23193643208244
9,09849755051602;-0,35890343812
-10,0662786789738;5,00482907636474
9,06260450536288;8,23181822103489
-10,6882241335126;5,504354198314
-9,15724842019394;-7,09669811142373
3,78800673149716;-6,79559860388371
18,3051715227855;-17,4823045370884
5,26407210100854;-13,7856447961576
11,2700452272529;-9,58686467010694
20,3183776628033;19,2947376233457
-17,6111588140269;-15,6315499285928
9,42306273615858;-0,445255267279823
1,12975786991229;16,5923986650823
-4,61795449058554;-3,0477830117002
-14,9145775045891;-10,1366495449989
-4,38046137619902;12,1083511731526
-3,93452126842209;4,72400815619608
-3,79059869787597;-2,62223475807282
12,5996371774405;-3,46480660674013
-7,1616099722151;-2,93242485335672
-1,06546661944811;19,9096287792679
16,2940232290717;1,0502451652579
-4,20768513069399;-8,98506917491681
16,0560328175465;-18,0584785147267
14,264628085694;22,4719351301736
-8,76922094030118;-20,7191892949744
14,0043138324691;-1,53184712767247
-0,587662953015255;8,12996319426349
11,7499942114851;-17,1363737839451
-3,87998975100224;13,5362053249897
12,9946026226385;19,9737075538505
-3,32805995783257;2,43450549430458
-17,0125685338399;-21,0667838377485
10,7039573528029;5,62030533739955
11,1785564040787;12,1880539604506
-3,67176184015452;-5,23215407682917
-4,73422546407875;8,72691273227593
16,3169418203401;-11,0860254435707
0,333464280668487;1,22003773722943
-13,928948662877;4,22841336818138
0,906819584693685;-1,48196742084726
12,8143255704355;-10,4754590129966
10,552656982113;-8,14945801686263
2,03099843439571;-4,24935028195763
2,07267121529218;-0,315284612779638
-23,2737390300237;-5,32229250327101
-7,33995513429807;-1,2304959645866
-1,8010474449345;17,9734029203027
-7,11446196684786;36,1394383610288
7,99408939388331;-4,53068235470338
12,9097888285173;-0,421168376349466
1,5249440321828;8,10090600201147
5,60003194180762;3,03951391916227
-7,67765227937497;6,02466947042353
-3,12444831978844;8,76145011425165
16,4456669922578;2,94837204285622
5,79435749046087;8,19335513283097
9,62954590142277;-11,5195211137206
-8,26785449496841;-16,0166236052596
6,74603963862894;19,0414202674398
-6,07643636810278;4,037177033244
9,03139441788183;-8,64923888372704
13,249071678543;-1,44475857978554
-2,09266458831945;5,12195442645532
12,0388769465924;11,7165444125045
-5,6667950028273;1,70959402080261
-2,56411138682354;-16,4232038811338
-1,23720038810338;-8,26835419981609
2,67595326334416;-8,65288205836699
1,25191063301918;5,03311234496395
12,304001058311;-3,30004100829646
1,69485265486961;6,02554612434747
-9,63837882111794;6,22969740626062
3,5121967577155;-8,09928753548873
3,95662735079743;-5,75614316907334
12,0052085527083;-6,38565781111392
7,38769590991193;2,35874330777365
0,0853080523482791;-13,7295668610809
-9,08061837520565;-8,59387942316509
-19,8343144717276;-7,01517130570284
8,64166318732152;6,53572319045811
3,88000042008045;3,63176366114102
11,8235876755747;-13,9551200580772
24,4078417515874;-7,52290714516858
8,24588425433092;16,2137486735116
12,8879465958649;6,50402473018039
-0,892805992106824;-1,61876200064718
-5,56242744716737;-17,550217325069
7,49587857643581;-12,0150850191481
2,42009077991644;1,41229076054933
4,79947074770859;-0,822409524531804
9,62596342809982;-8,50997113069344
-8,02286461849191;4,85539318048221
5,5582709058869;-7,58225254686432
-7,31184634287679;-11,929356497486
1,06453808295471;1,66691121418349
12,4890958183916;6,99187671782223
-15,4208852820946;-6,87439346663459
-4,84288299946248;5,63696947373481
-12,7560867430466;-15,9291281755521
7,19711374117272;-8,72996069543484
-11,7694996578514;-12,8331277359532
-13,3060501477001;1,43286643936703
-6,65590653902247;10,4329424313196
0,463568346255797;-11,3092281955906
3,04608614656893;-6,14221243617532
-13,7528076653557;5,2030189924807
-8,7461077780013;4,39745454542331
-13,2360405592632;-3,8068955441869
6,69464817695827;2,61331536955638
3,05445759885987;-3,67373487799911
0,285894820199541;-24,6816218787722
-3,19712982096275;-4,91772696779232
10,0029244687082;13,0749818595052
16,1286650688046;7,25842942176346
-13,8647612706836;5,64487428128005
-5,75513503968504;-10,6141496813104
-6,29703921814422;-0,417148887209071
-1,50244147590019;-11,3486134294011
-1,22610753793587;1,43121601765189
-3,83611675744342;0,493489705379734
-7,0640210621936;-9,55843351280318
6,20525410256643;28,6293058933544
1,91388417963923;6,99923169311441
-4,77671038740643;-12,523210532656
4,55314811508865;-9,39608859758134
-11,1980767620017;4,45643476867153
-4,11246875420049;13,9337623919265
5,7303934709852;1,14481066593016
0,621614104120799;11,3680487721088
-17,8891176739669;1,91319660993397
4,51178034877464;-6,94555638602217
-8,82869371359158;-22,2336609773268
-10,8778164556992;-12,1695215184389
2,40474199475696;-9,46596730721885
4,3483281119962;-5,17444858196842
7,07753618041888;-3,49777550440381
4,73169684501774;-13,1394903422039
-0,0662004822240946;12,5179114465441
-16,7939489152123;3,53155487178078
-17,8448591953729;-5,05012125460172
13,7056228414517;-2,10120491154812
3,3600276786656;-5,02026648714496
15,9573895355954;-2,33755022003455
-18,0573343219887;2,02681218075218
-10,4152023330037;-21,252041186018
7,95392326238867;5,18017276242242
-1,47319348280604;-18,7372447112826
6,01037013684941;-14,8913133008689
-0,135707510526328;-1,73868939219304
0,397315214110447;-17,3990785834266
-4,01070512774507;-3,35457152351712
-3,61397748457158;14,3114240620703
12,8930167603305;-7,55617737273699
-13,9021399091181;-4,19124203924301
4,06759819963973;14,6523934593595
2,89157774692905;-3,45685621305127
11,2793994407412;-1,68621169239784
-7,6738695795664;6,00324755610695
3,20657004868622;-7,95427395222438
14,8073559071214;6,58094670866876
0,0181722069186824;1,62944534985046
-9,76774439069922;6,99146930291074
4,44097486423188;9,59180280022776
-25,3882128572482;15,6224259935727
7,36747177390098;-34,3660849253078
3,02278826661165;-16,4134382189511
-15,4104162667509;-0,994220339692342
-3,23550592986879;-17,9823070291438
21,2113660186476;-4,02307816073642
-9,1925389536015;4,62053059928975
4,19478863619394;-3,87057825385882
-0,620163750937477;11,8511630813253
-16,2539747769766;-4,60830100241721
-8,23364033444584;-11,4973878754343
8,59653982651483;5,52565816025849
3,4965179416539;16,8999209940328
10,0613909371676;13,9575612155067
9,8082176421432;-6,03027823579371
-1,88073930995083;-13,199078496586
13,0297308166401;2,61118321847019
0,135152985451297;5,77835981516218
13,615125772274;-7,08392548614976
5,11178519777198;-3,36454662577774
-3,83998791438667;-5,03277975797892
-10,7001161408027;5,91888267394583
-0,489275044117319;0,446093692196052
-5,173705635337;-7,88534441553568
-3,92510329117432;-13,0374262398629
-8,43830045359414;-5,08887114915238
1,93180568298082;9,24611987587862
1,59847195016065;12,0518423240985
8,50675875783044;-11,4556454587446
-2,43598320526288;7,8138053673381
-4,79669556155635;5,8255432467088
-16,3947229254829;-16,0242329707297
-20,0550447269496;-3,32166515868185
-9,85032072162238;15,2554990009641
-6,73690158617126;5,21943303836501
-9,23983849172064;11,9661360495082
6,54468378105055;11,054148428461
1,27826811589013;7,34794999431643
-4,12913688025551;-4,32631469863522
5,40961904588824;17,8969956452313
10,9387135074184;-3,28248404884943
-6,39064041252527;-10,9717298728142
9,33643701909751;-11,2002005706486
-3,93802996546471;-10,0182962776277
-4,1071230475337;-8,3054351789188
-6,15312680775727;6,91405391460145
-10,0155618793623;17,2967476578383
-14,6582044629497;-0,0391993557324321
1,26167258483912;-4,57466163419277
3,30856383810602;-7,52088181008566
6,52716678466592;-8,30223109331042
-1,22914988849058;7,99259530247639
2,52162659796618;-8,47983049879099
-23,4245917372365;5,79393010987789
-3,6642288142949;5,08108157664768
-7,63558763374044;-3,06692065888992
-4,09423707176844;20,7329349007249
3,20386370289536;-15,2729187160035
-5,70394255751854;-1,81790461690421
10,4278465563313;15,168489307064
8,12158951758605;6,28705495671139
15,8011740075672;4,66728044354976
-7,13446836078093;-19,0740202480057
-3,1069854615024;8,16259231636736
-4,8634731444786;18,4048573600004
26,3603896647208;9,92647932540454
-20,5644335572446;2,07016916938684
-1,07016342226633;-1,13088899668805
15,2738568769146;9,56006643263717
2,92108227097563;8,30857592617057
-10,9843256535318;-1,60928666763639
12,4707620791827;7,4478790700556
-17,0961782051125;-3,93456242347459
12,3717776141988;14,1974924663942
-11,3266482637443;16,372600269324
0,309903475242816;8,24262898994685
-7,15961505475324;10,6900400408
0,546228822798437;-12,5824895603748
0,174078019118635;0,797413119624548
-16,3450587341356;7,02298104418984
7,46810172615925;25,0066761378851
-9,96504334931364;-21,6506816408098
1,96941362884693;-3,95053957983664
2,63255630461204;1,45173448295878
10,1333619689474;-21,6435976897518
-3,38455954733474;-10,5585331427773
-1,13699562731934;-3,45963600939652
-11,5510687537967;9,89146072304118
4,90878861435194;-3,62658166664471
0,717521507730557;-4,95199048336918
-4,60049143371744;11,9044135022996
-15,6374217238328;-10,3408928822428
-4,32265880824678;-3,25740251964059
-16,8720755998137;9,01082992448229
13,4640918207029;-2,5693751832662
2,899186323485;21,8188678543294
8,37664991288944;-7,94956689113387
16,2130318630239;-7,72679249568824
17,6996061669033;16,0984928418121
-12,8175019880006;4,64590242454928
6,66029512830683;12,2084676980735
-4,68682519363896;-19,4927665563302
-0,506498408558634;3,89859022788813
-4,20323132855984;-4,36612314253952
5,30662044032032;23,304608124298
0,0907330484614602;-2,7876460321445
8,52788074593508;-3,03838236416179
6,48776885419166;-8,7329994869749
-9,77780713242046;6,48397542701209
-3,65310834354724;0,161138290045651
-8,75699629050872;8,68943334425388
4,7069753784201;-14,4460385284087
-3,76393060371519;-12,7761816148382
-1,99795951805692;-6,78472907889157
-2,71171016140866;9,84505228600121
-0,410836392745947;17,8365626859584
2,83172229990733;-4,76590272513271
16,245360500032;-8,1544568064418
-11,0050739695004;1,87027468741402
-13,7798111413214;6,11031930516093
-2,13700325413987;-3,40407653380594
-0,98271071010208;-3,7271706663465
9,51110793518191;-7,67417292522331
2,85292231781508;-10,6719027972687
-12,9301090435659;1,00504956450886
-10,1429811156886;0,875512029611496
1,81463941310177;7,4940359975369
-17,6523286674147;-1,93069856896983
8,31343056701052;8,68007620201542
0,236736044286035;-15,1169883656314
-11,7898810590337;-1,38201109709677
11,2599732956975;-1,4966897197604
-5,71483769929581;7,13811598238156
-17,9838036092955;-4,58178204482345
-0,0476640908061952;-3,00697262168837
-17,1422762127652;-6,97705933074787
5,96235913696265;5,69675741092886
-6,61929180905048;-0,786327946455881
11,6278532072909;-4,17768408074907
-7,12469451068433;2,32598535268787
-6,99110241135287;-7,37027619137947
-13,7914708222231;7,64360481141524
10,5036326318541;1,57580223144829
-16,1968707712039;11,8274076402408
11,6276049400124;12,4235626435857
-7,63994155888967;5,73070963900877
-10,2435489545439;0,514398024866995
-8,20427927292413;16,9853720269272
3,12514991008092;-16,3453321485452
10,886575824192;8,74409000908263
-4,64878816355126;-7,18912689422547
3,5690240647622;3,17628625383987
-8,69990213941566;2,86329182036109
8,34097687955538;3,06402463053428
3,06911691055909;11,8547994794627
5,36163753252685;-2,70588210403255
19,6159172370056;-2,69510688892137
7,32960830464691;-4,80755875639492
-2,18557326799195;1,23189618784149
-6,22046768488767;1,6532421284576
-2,37370708387253;5,69133120627841
17,6406846251679;-5,42461594947494
-14,433637850964;-12,9769109800498
-3,46475499878615;-6,13827544361959
-1,50776466326303;6,46444988358362
-2,50743266062152;-1,82168748060156
-8,14090982151318;17,2301416343886
11,7314585605315;3,82871059276913
-8,50674702445814;-18,8757936865557
-11,1020325358008;-2,63918282985009
-16,0263210182108;-11,0449879064707
0,944952807806703;9,43395643184825
-0,286381036722829;-3,23860547204646
2,86063920646602;4,9586120544594
-10,0123427649268;-11,3244949324565
7,41803665073243;5,86472541088446
14,5737448953775;3,15379490702103
26,230193837196;-3,2531479980579
3,77303993872968;-18,2562742083705
-11,3017219465165;5,47327130238494
38,6466458787968;7,41823463899742
16,0061968714547;6,82138099265067
10,5613282434561;6,17616817179782
11,2882624631628;-4,5466116455407
-0,4511041351219;-17,4580124458517
-17,3813625105392;-14,0862408851079
-5,87911721421952;-1,66243472207758
2,44117870770881;0,979856980112678
1,39216020039313;-3,19226938828655
3,08619246867514;1,70670209123783
-0,105858396726248;-0,096808843871062
17,5442570961332;2,03000953264729
-16,2482915104616;-2,26467716219843
-4,2956275400341;-5,39830871071551
-7,98040032323591;-12,333401192071
5,37820363241358;-21,4110589164933
-14,7947396786119;8,94412860617868
-8,48843784790768;-2,69583377319887
-0,930774712496516;8,11446375693736
3,22752875750986;10,4250917518377
13,2017847708513;0,775051846964433
10,6688818900053;3,71297117679111
-0,139429706451132;-12,6545447953242
-12,226324523897;-8,86974366952235
-0,52395162896791;-16,7287425129776
-12,9454208057707;10,6033805209571
-5,54314159219781;0,124918951430574
9,39820625249623;0,489274482488876
11,2177925269656;2,00521801510963
4,21042017455961;-17,9666025513492
3,1191311540181;-14,7659303878475
-3,1010927614472;3,15464543672899
1,81619498530342;24,3643015238456
-0,802175906633983;17,3754676323904
12,7711743612552;19,2508519050901
-6,25705238389006;3,76082395700991
-21,5206560256139;4,88392816241718
4,42035715015969;3,97520753069354
-4,40111182825576;5,05009618987042
4,83586187946684;-3,01538615458757
-9,2355830306529;-10,4684260834843
-3,16418054424201;-0,0410356317894228
17,9182924854816;-3,20970344189848
-13,6684006169657;2,33180916351073
0,509759900683906;-2,83970715680123
2,14947865673917;-2,16926731030179
6,09760736958619;7,54916043374436
3,82393966438898;8,89732228588244
-8,83628203439641;-10,3191815346469
-9,53978404131991;-8,47574882171644
-0,379466816078073;3,88111397995364
10,7982159641984;4,42390058394475
3,72361858776624;-2,30832655125238
2,02359669083679;14,8875330978116
0,977100181497476;11,887752119786
5,75420190142246;13,6927282006707
-1,56017278814565;31,6862015566959
-1,93088449925576;2,88916146201691
-16,5066066653903;-4,62340316201587
-5,97677103175539;7,28802632736414
3,54817606314246;-5,08932535046587
-1,44478100285636;-2,76748530096658
-6,95489656364506;-6,27556280162911
-11,2133678056389;5,2521011005581
22,6131865079857;4,82742322082642
-0,477602357295673;11,0405802560084
-5,82002462275229;-5,67205677925563
-11,7494052502841;0,155371266927959
-2,33231048812638;-2,75461550395429
20,640038557171;-9,62083731206408
-6,08139217004161;-3,7796225580891
-20,4973217149504;-5,61417978941328
-1,1001408010249;-5,27897322187773
3,53751049398255;-15,0192914992279
-17,2881964897804;-10,9999621975364
-12,5487935790657;5,49964070987715
2,07559354492189;-1,53580875699103
6,95912538722428;-1,29066637040177
3,26310943702414;9,39231466393787
10,591144479452;-17,9546505101057
2,76398796705649;3,65716947798692
-2,77127813766511;15,0157654406213
3,02844420726329;-5,66390338864127
-3,95020985117644;1,96162640431776
-14,3975913979538;-5,15661867210802
3,88716628532989;-8,78183559434012
7,48191536367558;-4,29637044605829
-1,95780166628856;-0,427179157870608
1,75379601831202;17,1096729899967
12,5693839269532;22,0211924742128
-20,6481880705815;-6,64230636316116
12,504963474041;-0,577898553735399
-6,81054182641016;9,67817243060192
6,70622437077295;-3,0862927949352
4,32976499696934;10,4444621080529
9,88562930801583;10,0632825951451
-4,29344589800935;-4,83241660853575
-0,588376007687463;-5,36223315928915
0,184417200193013;9,69308189441836
4,3230260039353;16,251738496825
5,56409366429629;-19,7252345729294
-11,8258585109741;12,0846040376148
-5,16831040862952;11,8515358722868
-12,7070676092795;6,28411297223447
14,1088374278099;8,30647551600486
9,71927751815069;0,243819056570753
5,69660653971742;0,92572292639666
-15,8950859633519;-1,10877523157493
7,34381782357734;8,77914515960894
5,23332179144234;13,8335765640605
-1,54096772406578;0,765177812978478
-0,699334347092554;-9,96658632780528
3,39532176020371;5,35445922998703
8,04380900319154;-21,04820743683
16,3970154184619;-3,70837642371159
-11,1529341263249;-8,09403211076935
-7,30860386493196;-11,3870391062283
-2,75715808059539;-6,96146154046836
-5,24038890801373;-3,19327741606205
4,71780115750471;14,6121134460835
8,93943902052349;-15,5186517617225
14,9199842191906;6,89622584682369
-17,7780299305227;2,88880330195913
3,13441956277746;11,7808646688053
-3,18781580442414;7,13565669065968
-0,37360685473862;4,00748813670639
7,8636159794756;-7,43895178322877
-2,22168857749376;-12,1375693485774
-0,613643872227008;1,88289893930146
-3,27881812671256;-1,97353507095027
-0,37960180274894;2,60087148359227
-1,18810661286709;-22,9800875179433
-10,0029547195771;-8,38657131387025
-3,41051180015362;6,20435105770548
-6,07415879637395;0,0624742267043278
13,40931324731;-5,34286124778531
-3,20994547578636;9,63506765033008
1,82254105789187;15,7803498604313
-3,15831598945223;-6,66686212776526
-3,60933998584378;13,6332895350185
-6,41451547866232;-9,72402524923138
-3,71403570216784;-3,14179738526646
-0,825502685100251;13,4822152660663
-9,89103255161548;21,6574288824015
-1,61669159393538;-11,0692788036876
-5,49077645721228;23,2201157704266
7,3516212826949;-2,40092900291882
-4,02775541672775;3,33062558206127
-3,39063641331732;-4,36726301376832
11,2106947032177;27,7592915805008
-1,43637375405942;4,34827595758789
1,01194682633356;18,724748712728
-18,0337628738007;0,389821660722789
12,1365714700453;6,27197904747887
-5,0516531551221;3,53948125334184
-8,62408586775121;-12,5175074446315
14,3519327882745;-1,82717262937301
7,32146769604653;-7,25180663536338
5,25365354558046;12,6931162518413
4,72869666886892;-0,876037714389206
3,65634867030719;4,82763525519922
-23,3756894773024;-19,5095982731377
6,07931831393164;3,31419187853788
7,56038959278916;2,72231743722386
-13,0408511394259;5,50189933712802
4,50116525105711;11,9548775822943
0,47049322322415;-21,0426849034762
-2,62486918513973;-13,0952498865496
-8,72619151028145;0,185903879068825
4,43530893562489;-5,89932963893102
-2,37208663566314;-20,6664935660929
-8,24326039728638;-2,44421619732539
4,49048100835664;-2,96369816150342
0,541219424101793;-7,08655833975991
-3,37136923343281;-5,08689922815432
-1,52679709197882;8,02824675211609
10,8982765269787;1,55502866641706
-4,35006715379402;4,65774503805094
-6,35054834746977;3,11871056792137
6,29728844702911;-6,89453712850008
16,2295367538381;-6,08340623489133
20,8730413353624;-3,654075571132
8,42418008966899;-31,7518952150864
-12,809257830918;-0,258240106054379
2,62042256248207;17,9838787937581
3,22202190386364;-11,7863703366295
-2,65256057323179;0,361227879379041
-4,80813207939647;23,3803936159307
12,9164113602828;6,76572844798897
10,2073443069621;14,9363762848834
-3,00081555602497;-9,38730947741189
-8,63460745951721;-4,82808253029582
21,4691471995718;-6,47414818366951
-6,91769833409905;7,70684493997744
6,25476102599491;-7,85944982622348
2,25940254443214;-17,8812399558214
1,09079423325825;3,86162509041055
2,42810743553948;-10,1832634052568
3,97159321050725;14,2176192409114
-6,792201446395;-5,92439255082679
11,9313839535246;9,93640979583352
-24,2541451162767;1,25674881048299
-18,0012997258866;-1,12968817891458
-13,8046142241428;5,68389748097655
5,54447007776793;10,3799364025416
5,98108964698499;10,9662183414874
-9,19767223109263;0,334258219824154
-5,85030312222955;6,10995643922157
2,56496928031681;-29,6299324755371
0,190093757732706;-0,344894045520419
9,67834851014229;-3,65123229470291
4,39763765951377;-16,291187143665
-18,3212629394151;15,9752580421033
0,881676177338159;-6,34361395477132
-1,42110868610988;-4,61179743014823
1,13168435866631;9,47457700924871
-2,11909759420403;-12,5988013442132
0,482939391955142;-2,86937518607005
-2,17410133728556;-5,39006534407487
7,17363524747416;-4,00335019313178
1,49284654476346;-4,69803228617236
-8,49835027768549;-12,9923250627365
3,16201086292139;11,4048119284955
11,2896314442488;-16,757433988893
-15,1330644610007;-10,0279335758079
8,31446404443209;-5,28683097989926
7,60792824335998;7,73519732404802
-1,05796903569213;5,65683612069229
-27,1380315070286;3,52580802290298
11,5069169022663;-1,27000876721183
6,95575584074664;-7,07328435574554
-1,06767774389992;-4,06021863016375
-14,3191920770737;8,76801975561803
9,00973812542303;-7,99755134826279
10,3350260616267;-10,098788574535
-10,6202875704844;-16,2290166351095
-3,10601391626586;12,1910681584483
-18,1210990259779;3,29658914924191
-8,28383890948497;-1,86627064428745
3,55307567121479;4,56381774010599
-4,21636197109921;-14,7816514233075
7,54000793897013;-9,63362540269549
-7,53354142032556;-3,57207114283777
3,16742049660902;6,67876004236045
-13,0021059794339;9,20687897964955
2,48140798082103;-17,2177291044077
-10,6927667389724;-14,8491968015598
-7,63881869015279;-5,96913259907337
-9,32922116355487;23,7772433420506
14,4697059806804;14,2220566851139
4,48668809309616;2,20130452305114
19,0422453052906;5,82825750769716
4,3827407872459;-4,86979718256148
-3,38604676259239;-4,1564193693086
7,0738378750028;6,90730748261736
-5,62936431775193;-8,77524468057332
8,02892371888922;-16,5457812349612
-4,5218291887253;2,07720678671032
-11,9729760687537;-7,40217880703275
10,691530660395;8,04407239750206
0,0124217712882145;-2,79629514196909
-9,64159775927602;-5,58429803872772
11,7526305641194;-4,35568788037364
-0,998388399806234;3,02958754750735
2,09332727904022;-15,0892554245305
3,55631749374358;2,19858067049348
10,2137884455249;7,26867779181791
2,23479946561523;-9,29759138217305
-12,2789434461498;-2,54457321276704
-6,39535384721169;11,2760018418026
7,91143261915305;13,4881210931174
-2,09808833678356;9,22762097053045
12,5470474984785;-2,53851187945908
-13,5305939873557;-2,90759816718804
7,3538895070412;-4,35436925588301
2,50809986275329;-0,98272530581312
-15,5967865104671;1,65261343938089
-12,2643721297121;-6,32052724941577
5,26782335816899;-5,92836357674171
-14,9003933574141;12,2750412073645
-18,0133436200185;6,39372956331653
4,77292797910853;-4,06256534014829
10,4323407480417;3,2057763352711
9,17912134270843;13,3430375862876
3,90981629234333;-7,51343756508064
-12,5484866884161;-11,8985314276905
10,0782536138968;1,45335629442473
-2,67935100507386;-0,0180930036649535
1,80672498732838;-2,69932219662479
-2,56737408466117;-1,1117776576771
22,5930235900401;12,2140074038591
-1,8973775967918;-3,45549550428549
8,01189379312667;-8,1338141452683
-14,3111373289469;-21,3780635653496
-1,78424727206458;12,6304499019064
13,1748276651922;-3,13374597108474
-0,230316833899621;5,1719993683726
0,561364163642829;-5,47121407274933
-5,24397381308008;9,62976758843174
-2,37673465335502;-5,78494152336359
9,95073324627389;2,75888378456616
-3,76017477094887;-5,79925945517378
12,3423546565971;-3,99335538183594
7,43702177195033;-3,60994399939457
6,51470907176654;-9,07195613596611
0,248284294345555;-6,68667888261673
0,716916169255191;3,01248916191877
-7,44989266313199;12,1550211422543
7,58984896345533;-12,1838464732868
10,0359763606492;-15,5770480850038
1,78123908267951;-0,60461805995215
4,24081935467923;6,58796800357541
1,65501112488283;-16,8755035668151
4,71056544621723;-4,55985852866978
-1,06784266244096;8,97882591744533
19,6264351485671;-7,527416313806
-21,2974826789047;2,94347995217325
-19,7996109616037;11,1352537802141
9,97755821250788;13,0854712005552
-15,9730364204869;-5,44772463215246
-8,04745902059522;9,52800622482482
-4,4788711072847;-16,6974527172586
7,15420529887926;-17,9418654455045
-14,5987102298251;25,249564630691
9,80589461195709;13,75917869703
3,01167082984879;-4,27306924261846
10,823451298315;0,350618833588514
-1,69637885420108;-24,8397760109271
2,44288522296709;-19,6388318385608
3,39198804977851;-4,30496761787599
3,2931765445547;-21,7399971342186
-13,5134505102982;-11,0430659325966
-11,9925573889268;0,626808529803802
-7,80515940696422;5,65387182559299
-1,74666648265935;-6,37080002470662
-3,28464006531376;-14,2425090296029
-7,88764417237779;4,29579395150252
4,11451045687823;-2,09800762626225
-2,71262560549305;-5,13471870276795
3,7501929161546;14,8530816302596
1,67280550151684;11,0299547749128
14,1294975726768;-0,499144965174458
-8,62796159406814;6,9865954010408
1,7732862740709;-1,14861840469601
-8,27749192278606;-1,69101853008258
-5,86965023430745;-2,24460979372572
-10,8230761237315;5,28797233006834
11,6635394345851;-1,60604004080512
13,4219278642529;-4,62181715560116
15,9704610434907;10,0275619989726
9,39572833012906;8,40060171770978
-8,3595034053282;5,89715882069399
-10,9417423295812;16,1958973372152
5,77199177746356;-2,54323112970765
-9,25014585322975;-7,96759106454776
-16,1954934887027;-8,96236719004227
-1,73562215604323;1,44454334901727
-6,5323322731193;20,1451544152605
-5,62192046981882;4,26904042773569
5,5229960404111;8,48005071938845
2,24298079196707;3,87879470030569
-22,1652344479745;4,35087111011307
12,5630210844191;4,0488620066378
-9,48222482585133;4,57997610071876
2,79591401274519;2,1470475832389
6,32454893928896;5,8802472993966
14,4604490016384;-19,0084193965211
-2,86693851447056;2,40969776477395
0,623145419313418;0,664764460778493
-6,43844295905439;-5,99132113346431
-2,06677857365002;-16,8547954701558
24,1117661886396;-4,96050888015269
10,0524059601633;-0,553485009076606
-1,95912400291322;10,1871579456203
3,09831798837025;-0,714335960882891
-12,4345570449035;-14,6501629943127
11,2105251360406;-30,8787850342382
2,35296079079602;-13,6278540160976
-16,5839709473609;-14,0566188987397
-5,5439639208662;2,95309672107276
-1,29111767253562;1,23348713815403
-11,9800444127011;1,66129073681308
-4,69905276917715;-7,39143024545647
-2,91781567435479;18,8682982772838
6,47623914605089;-10,3446200143679
10,8794112176158;-11,610248447121
-1,07839217312264;-12,9790054693571
1,18825296051091;3,8658244028846
1,02646021212847;-5,18364973797546
-9,17319907000784;9,4093603693458
12,1684354920491;-0,0266796389938618
-11,9933473869558;21,8214893818853
-8,74123292425183;2,88671800827547
2,34346196053163;4,52970362078505
-6,07063928596658;8,84305663878086
-14,4037038956571;-6,31259220900651
7,71790691452501;-12,9554481127411
1,88940190032212;9,96174024485618
0,346021478498374;13,0158506289584
6,79272621964797;6,55469949901462
-15,7913161187876;-5,12885110802832
-9,48687711197744;-13,3095047466289
-9,61359952632771;11,1916003529873
11,2360870775242;8,4265949382035
7,12745729794656;-8,33593963431438
-3,01231876178825;-0,179062878587154
1,7703003779501;-8,38995029718469
12,9824887718253;11,7136089101584
-10,9390848226666;24,1052370078134
-11,0604652295279;4,75234694951712
3,31728203256474;-14,5995375357144
21,0060945839693;11,3988449008711
-4,40847940399711;-3,95282643756187
-0,440461894819662;9,37743403080763
-11,5098974246298;16,6427843809179
-20,5525418371497;-5,65416803597463
-12,7097421452006;5,49921383188012
-5,24646201687767;-2,68220331386864
-3,65754258562981;-14,6715039838356
6,0452295563258;3,4908951496188
7,56382875202859;4,1019966631665
-5,0755946018594;1,45780959662434
0,75841029376269;-0,0433363068022343
-5,67914732793185;15,2391365348457
-12,5177614540743;-7,43382708711552
-8,061076696883;16,9827699750591
25,6315503199384;-17,8336321970462
7,77641866309797;1,42685006328226
7,97426268782232;9,16796687321315
-0,0491664090352074;-14,2527919599667
-4,84320203496014;0,692695112615599
-8,75222101648861;-23,7782880247923
8,97033914398286;-1,27849419828819
-1,21564585342586;7,80882464801352
11,6319421723222;18,2822128739131
-4,83604343027358;12,6753969733548
-11,0499030568217;3,21127302295552
-0,444913031373948;-6,49478477818003
-5,93306393023097;5,47135784874835
-2,00344180763508;3,87655075994491
16,8138163775422;-9,8057278883901
-10,2102515947665;5,60960006582698
-0,637122526990661;-3,10888190235948
6,62639167587797;1,68088932566706
1,27474042216883;5,518242571173
-22,1715289728224;3,77996820346796
6,12383652887817;-4,23551713651371
-15,9338252579232;11,2759220041122
3,9307410666386;-2,97825536700431
0,577496343696892;-4,68667590627172
4,54853622327531;3,36523625703297
-9,19657827133367;-10,5165828463816
3,41025019162927;-11,2040851388802
-7,46890126026666;-1,95578652751568
-10,9368066835269;-2,17373358479997
11,6743438464281;4,89859340188239
-15,4265772486628;0,865952074050854
8,49679145754271;3,24200220608382
-0,14937101230325;-2,05153982563211
2,00902922941516;2,80601083508664
-14,2816210933054;1,11855802904704
-4,43697567564478;-8,24615369053195
-2,73941770279992;-9,38794701746655
7,73224880565168;-10,3354124677595
-0,0838535274339764;8,74246560772949
10,433298833764;-6,11511529392475
-5,78393285542889;2,08729635810846
-2,4466594558678;8,85570689100966
9,31040202759708;0,720282430950438
-1,83021816081214;-5,71448348039748
12,1196861448575;-4,89563993445971
4,28252372485422;-4,23614154436394
-4,80832553869541;3,61023090259683
-7,31724201623856;-4,23417968977984
5,30636079750167;1,91727398173071
-1,41558589905526;5,06563306054802
-24,5264949395319;1,34651406353923
5,52151641115284;-4,65544186261487
21,349410351548;-1,85428340570627
22,8257014554633;-5,09760112004349
1,48342522170042;3,41418253469193
18,3220871354636;1,00767965840391
-13,7480062776057;8,85929027605631
-13,9968348122899;3,7782007730729
5,89651014392457;-3,86633856146593
-2,4821336403075;-16,0168612169542
9,87492501435778;9,81414152062174
-1,1649419304279;7,91767999413693
10,1040266381888;3,46747793712231
-2,48575287814387;0,919541114082585
9,17493912674537;-16,9488935825181
-18,2190567535488;6,39182550908556
1,3204190187551;11,0449288369745
1,69115266143811;-6,31286428448556
-9,12416408029782;3,93009442934507
8,61665638199693;-5,82505566172459
-5,28065289302936;11,6258460651798
-1,89956537901489;15,9283567944273
5,50370059079534;-1,86592149389993
3,80231946971253;-20,0434366468503
-9,71096273843417;-22,5098733612906
-13,9190421878332;10,0319815371479
13,877320907318;-5,21279803967715
0,115546925321042;13,7636873270874
11,8785254669976;6,47815280922256
0,907710912042244;1,59377064205545
-18,8485724896641;4,05939599993873
-6,93968095091772;-0,948386749367685
-4,41682357796769;0,219308547583126
2,02785508696731;-9,3267013569796
-5,68287993629621;-3,13539211645935
12,5851060005502;-5,03508734241252
-0,84351761763235;-4,79077566613266
-0,508012615568791;6,69768298020491
-2,90237361305435;-3,09314532809853
-5,64560049402067;6,2686844713171
-0,371652511497434;-9,75209908732262
15,8782560029639;6,18060827597438
-19,6918646261051;4,862626543821
2,5638709456962;-7,46465246944356
10,3803999300702;18,3024171874397
-10,3179768490134;-10,466389987163
-10,6338217813807;6,0659937603348
-5,19077370475619;4,01824504955858
-0,445904913043556;-3,46845687416405
-2,53910700365777;4,56857597019855
-5,27714363730768;-14,9935436414154
4,50881262884698;-5,15185445731502
-19,1934884941844;15,8625374656509
11,7702652958352;-0,265480011754402
-7,62835508958012;-4,17449733987454
15,918110109726;-9,55807424184105
-32,7425461183394;-8,77045221925561
-2,62461570898586;-12,9042780399604
7,2115061332056;-9,99532729917033
-12,8426250981389;12,2599903495722
-9,30962314120619;-0,709685195947393
1,89926870150329;7,25951814973952
-0,266665484887597;-2,80753870336568
9,88846787498179;-0,118419874035157
-3,34747025530812;5,22492818649234
1,03682633200274;4,01069498980227
-3,00886729649958;0,653436753775082
7,82815303450746;-6,36526842201508
8,46910507910857;10,1425665321026
3,33078902045898;3,44786685164771
6,15704701497531;-3,94584642762142
-8,03351937267395;3,1121781612278
17,363456104034;6,71167217045357
12,8129546765929;-6,66861272315584
-10,3202488097044;13,2831307598215
16,2123796860417;-1,22686154864222
-19,4790182056799;1,45978692634884
12,486802820115;11,2099845827401
7,41030341617651;3,63349995321109
-3,21400469792613;8,55166337471898
-6,71149312775942;6,60223676091448
5,05144190293394;-21,3968624993604
-5,39334476608308;1,78588548209881
13,6545038739238;-12,4872287732533
-6,66250631313542;17,7694858546012
3,66000298370313;0,476819078257102
-17,2157374390302;1,21625421791456
2,07710475791856;-12,0832731260513
11,3636134644942;3,69779456826741
21,2932791251999;11,9786371988515
16,8189301960699;-2,78596633504833
6,22530165693341;0,477506866833454
-12,5616096971603;4,45624278259118
7,62489609040346;5,63171421332857
5,44811867330858;9,1016848034637
4,99289412716507;-13,8265537418725
-1,59349552324724;1,42827823358941
15,4609226962595;6,08148501875482
8,99674879217828;-13,5911541207125
9,9538515250657;11,5335101132117
-6,79365715277017;-9,82242169217582
-3,99336348646463;10,5684228421826
5,57001465838482;13,9147334756895
-2,31680308722685;-8,25593845080202
16,6951209661526;7,96672399076861
-3,5510785944805;-24,0412397615851
1,85862158489788;8,39594159435464
2,48990550994366;-12,5550847597715
7,83090145195042;4,2350345773176
-2,39474917262839;2,38857221824981
16,3896175967809;-5,91487840535439
3,38511368373111;-7,2754847607217
-5,9578503534125;-5,30393253569832
1,1614503981329;2,16461506829709
-10,531056248175;-7,05364937883068
-0,719456864044376;16,1179818682093
-5,08139878458593;-4,1432878467496
-4,26855773395856;-7,20163619809823
14,539088171389;-2,92560223069945
11,921773718071;1,57649804933582
-3,86662549244324;13,3477519690746
2,51335482319026;-15,4007096476168
-7,77064565764701;4,72623132289424
7,47464706798777;-2,51698287886604
2,76224803576409;-1,64146062603944
5,46449373284306;-10,2368255182906
2,75106732344934;10,5568751890461
5,82964861843685;-1,53678859701295
-13,9273312750269;1,34927336760613
-2,81319736494795;7,86954889645408
13,4794672176143;-1,93806282828281
-19,5325844107498;-0,798150287796863
3,97322746514027;11,7081104365994
-6,93652071697494;-6,67370150581756
2,90323803121327;-2,62125709275751
1,92474617236923;18,909942742807
0,0969424734883238;10,5410335474461
3,74769792862845;15,6111364917781
14,7557565391115;-3,66862632161432
-5,77579858519541;-19,502103298079
-0,308758888710374;-2,68550750018007
-3,10567491703696;7,83169964530908
-10,6641454095094;-17,9951692420835
14,7866510020374;7,6196951393714
-13,9428195853012;-21,6371718478129
-9,39149601308916;-3,6773150461505
-7,93485531778836;-2,35097616857263
-1,30462677974582;0,160851759113679
-3,33604701955567;-1,13485361807014
-2,94140180360756;-3,64004023229522
12,9548446915589;-4,59691001792807
-0,392858941396898;-10,3873696069841
10,3736234099761;11,8112996053936
-3,71841417473878;4,33110895722017
4,80222144555573;12,3899422393733
-18,0981156650407;2,82487718134812
7,534299146245;-0,520540968335372
-2,87609750940846;8,80307292054665
3,03556159143724;-14,4328748432464
-11,2786298059561;-15,8338295527793
21,9199706709331;-18,7092404033305
-14,1892561907827;-2,73091379750495
-3,18452617914807;-6,30382994366376
-5,95987507453481;2,61464280212681
4,24526647193435;3,08995594149765
-0,597438208382968;-5,65680481645926
0,392743348757954;-3,40761983310888
8,32447214137361;-1,37690873004193
-0,379222620457092;-5,61703065994349
10,1712789930254;11,224150079119
1,75865559771553;5,59149343823137
-4,33776169493744;-8,33314316765916
-4,45120218619166;6,59071579984101
0,961509452481066;2,57798206052345
-11,8673913010108;8,51770598204253
-1,61062337061371;-9,65685255761029
23,9615086050197;11,9963560857539
-9,03591675557725;9,25876017188199
-15,7818477776689;2,96911862886786
7,50720683331426;1,88065006374564
1,84507146968137;8,45420100852106
1,38108613506616;5,36436069828074
10,8891978828575;1,42263873759878
-10,9196433629779;-9,66231276630158
17,0258753193775;-12,2460384299551
13,8415632726573;14,0702142751394
-12,7343446153867;5,06432961638228
-6,95285209310421;-7,07284494232131
-17,664888043048;7,22884506475696
1,55025810795254;-7,72418098298479
-2,84335078044855;-0,117117616801156
-11,2355025132115;11,0295429876091
-10,7353972919095;8,29636493030442
9,36693305977098;-0,357545185867167
18,4418911581667;3,45303065166029
-4,98132930059999;-7,25267304168012
9,12267012850719;-1,21277240281541
15,9466128135062;10,5262744560262
-17,3586136202862;-13,0933556638102
-13,7270071204026;10,0972397918842
-4,38231570010256;11,4292330719211
-21,8480648874925;-6,43705495934315
7,19865785985538;3,20054931548184
13,856024060083;-9,43086112299956
-4,32586120840821;2,97220272166344
10,3493926764144;-4,90458866942823
17,5257000508863;11,1092382010929
2,96852975687427;4,87314395712249
-7,55271560956415;1,19233319839948
5,42665265914021;-3,95708139910944
-21,2034618551452;1,78511054213095
-0,383701455123122;28,0969612670815
-7,98823298676031;-15,4708423458416
12,4507492853265;-12,5827802791512
-1,51812270305566;-7,78414179325902
0,175285518434012;-0,549380198586157
-0,519272285203102;6,87295890563344
-13,0651302345086;-11,7723731804085
9,6238536650402;4,11661209763891
1,55768148403376;-4,55248264059952
-2,81078254531261;9,08915417302022
11,8179028538015;5,08607428611168
7,13333751568784;-14,5744587826598
3,0470210275525;-1,11431805327204
1,45015544149975;10,7805284656228
7,68154345905877;-19,0813298762162
-8,29646590725018;3,09803929510106
-0,410589473166397;16,1889409101602
11,8578785991935;-2,40781589051501
7,59824090539833;-12,3708314052401
24,7024682830478;-13,8488502386716
9,82079253979487;18,4680634825036
-8,69891077288696;-13,7728535427037
3,48938962242302;25,9647627938049
-25,6106267197235;0,0153190006261956
0,0319990178083155;-4,27693189161808
-1,94015318753893;7,84961289862215
4,2671583268086;-7,6600655177886
4,11699715156616;-9,56888982772839
-16,6641008183629;12,5865115653578
2,26338049304296;6,15201697239331
3,65525669653033;12,6686246609085
-5,51423531826529;-19,428239648444
1,08845439231985;0,957697113132652
16,3462711163686;-10,9837626089998
-4,5931562917439;-16,6739972289201
0,684748519915987;-3,15443730913912
-16,6888295244438;-4,22952312074914
-2,95303966533603;11,989268693672
23,9544645889979;15,3230513942107
-0,233954069934387;-0,474899162684044
-0,466170469012063;8,50430069182327
3,4683074685808;11,7826096705898
4,10611792844637;-7,78939117158557
-16,667828122874;13,0127185850141
-1,86480335368823;-3,1258373019802
-7,73507041823367;-19,8461288477936
4,48759310425489;5,52238650241061
-9,43354346154386;-11,7209583757011
4,51366103016355;5,09584882956459
-5,74740656520457;3,76825401824848
-2,24613252255069;10,4827486265545
5,57641613650218;-0,642762026089523
18,4769186236405;-12,6640100881298
-25,3123455140021;-8,24187536901279
-0,186196807910745;-4,20403532722312
9,60806136070955;-11,5738011763048
1,87392563139491;3,40568654582918
-2,74971955200262;3,77689003638381
-8,56351350690826;17,3245818810427
11,4574342419518;-18,0051829440621
-11,015924845722;6,54477852415212
-8,088755767489;20,0870101374528
7,91859054833132;9,48545001229687
-2,56052843252941;2,24102708739429
-7,81825444133145;2,9855341723442
-7,37291079947109;-5,79258526969177
4,44815485374574;-2,79229861764172
-5,52245548270694;0,346141610685866
5,43140823464301;0,416559856062796
5,76803157907695;2,87427593601591
-5,38586310888498;-9,47963195425215
-14,2001636797407;2,41346396265807
4,63523906126447;18,0340912509279
3,73024294062794;12,5628999523296
-4,88495617373226;-5,77395210817919
1,23890589182927;0,370179983336412
12,529098445513;16,5341473363759
4,24900252945116;9,01784042465912
16,8283477739542;-14,9418940708694
2,94988802548853;-9,20921229353402
-6,02769336446677;-6,29483211956212
-14,3308698289139;-9,63399673245121
-4,73950173480752;5,30020122301631
-5,32319344766787;9,91614476799299
1,99458074777162;5,16005280581011
11,4938509276973;-0,550086791111848
-5,5584107049419;-13,8929893101314
-8,62582239341523;-21,8802963632862
-4,04992531265179;7,96199337519568
-5,82625787104532;8,24841786745854
-8,98588134081118;-3,58453925480835
3,49961758630268;0,866797274492933
6,52446559509232;-3,91546169167412
-19,6789870986251;6,58890928417337
-1,88106545617404;10,3901506175624
19,9854592246233;16,2399878901137
-20,4800451192627;-33,9070168539868
-8,09031935727277;-5,10231833756834
-2,76984747591204;-4,95109338099673
-5,34095664093577;1,29774036918642
-10,2547541091722;16,3498293638327
-14,1877210315564;-13,6868587566894
-2,01948339515166;-6,95585393537562
-9,10868325085293;-1,34195715131561
0,360629549164875;1,58553072780034
-4,98370915713585;10,7505449027776
-8,67502184956115;6,61522140879555
12,8006279048823;-12,6804930507837
-2,59692009354875;9,41152716291419
-4,55024818754371;-4,85996066746602
-1,82337792417978;-0,366464475616294
8,04804070909427;1,85442813269175
14,4507437451554;-11,764272498273
-5,32959292554899;0,385661120668354
-1,6938011958473;-6,66371338443297
8,70776975132783;4,93795837661501
-8,55777606067722;1,75235991454233
-18,9795470672327;0,985458740087285
7,83213401112091;-10,5508463715042
6,38453603577623;-8,61986783202729
-9,53734606213218;-17,7949003059281
-14,7384833781141;-11,318959777341
2,68532014930259;17,7831435070161
5,09022115428261;-11,723395307582
-10,3184075617615;-0,237955336456604
-25,8159397044631;1,88419546086741
-13,6672478540494;-10,6302223092145
-2,4659189899038;-9,37101506378607
-6,93220226402089;3,74439936091662
-4,96551940306981;4,40949663138493
-4,19774376920823;1,45949270476533
4,10242549426204;-4,90222051778814
8,208983107671;-5,90750084435273
24,7226248328595;9,58107812043779
12,5875366017149;-3,37637628722695
3,31368827740345;-8,45834049988747
10,2070978528059;14,9157683148446
-2,99709830812512;9,43418009292584
-3,00819908566206;-8,30047245294183
7,73144775587344;0,653053210566174
-6,36840421494943;16,4451285771357
15,5296578977696;-7,10516946047245
5,66967373508044;-2,04736236492745
12,7308571043065;-23,7364050889777
9,91737629042907;0,027798902529996
2,69549794623457;3,99740936276575
-7,79810355930078;16,8602006243117
13,1836044319025;4,89637168371728
-18,7524868221857;-3,49954711828531
-4,39495924243006;-7,03673470266266
22,8905743587739;-17,6864272581391
-11,4501101807883;17,8732741242973
5,31262691958484;-6,75952273832213
-11,7025797878546;4,18973638625317
8,97775118583395;8,50688969717315
-4,76884948575292;-13,7823382867268
1,06645820906925;-13,1968759517928
-6,59446989651019;3,02345907068697
-6,37789590244387;0,603549124067778
-20,9664893417223;-10,880095312676
-2,71015123219297;9,44001509873466
0,368045651890459;12,3386196153564
27,8321159313339;-2,59845715116085
-10,0237585925244;15,459820428476
-3,75597513162796;11,9309783415255
-8,02071849492072;-2,65904722129932
11,6242545297729;-7,62809933753744
7,57630407598105;5,77768804693383
16,135107709484;-4,61728843613217
11,0956571937976;-10,443016506209
0,371429570964324;-15,420547995297
3,60583844339045;-15,4784477712529
-1,94968800804226;14,7936229598505
-17,0252051677581;11,7697102524229
-4,42037843569961;0,925828989372397
-7,15298332240463;-4,41783832761886
-10,2357413378482;-16,7439141574112
13,8653305794063;1,19877891524002
-10,3517424993943;-6,78062073054498
-4,94330503700665;-25,3742294786608
2,13411606196469;4,57505044049835
1,68344314749309;7,86796515457931
-5,30239898057958;18,8949207855916
7,22026873066852;-3,45441300241253
3,877578022388;-3,85465382178681
-1,83765313497971;-16,7726610560815
2,29883918098999;14,8799271472874
-10,799332085641;-9,57731228188567
-11,5822481629246;-25,5077155144743
-8,74676624901237;11,6602671425319
-12,147774827891;-10,2062040075873
2,98079109341923;-16,152198568961
-6,45935864444905;-4,88680881251196
-8,07121611274337;25,602098025631
-1,44001478419965;13,8372298490919
-3,06900849167261;-0,717834893570359
-9,17964258192253;10,2482644856078
26,8300717450425;-6,33459772743122
6,49906911975466;-1,26324116771342
2,58979049557877;14,3349367954164
6,06182438197373;2,947578196166
11,8563623867641;4,87128949423073
4,58083606326848;10,5251850514429
1,70966226912836;-6,53804558675048
-4,0259691304272;-0,551412831295751
-3,30097127613218;5,09023462988526
2,25874711602696;-7,7011486181751
10,12150820895;7,43189896797404
1,44405613204592;3,04101279641518
3,33582042477191;9,0464092565382
-0,614370153228768;-7,98728424539525
16,223863547657;16,0450558225007
2,38922408730579;-11,4758007970851
-4,91029271895788;6,02973805508483
-6,26563090796116;2,82347187125393
0,995729066728384;-1,63608696432498
-5,6624629666851;10,8456311612176
3,15743736762064;0,626640188706438
-3,54208961407958;-0,459670084448847
0,116776034189091;1,58231367608884
4,34389824253412;-7,32684026431901
4,5470880545273;6,57433448014724
-4,59662709595292;-6,72023607891198
-10,5931303194191;-2,4742062942077
-7,01230530507176;3,51344966227161
-1,75005939053226;-0,314753160899802
-7,28333200616782;0,38885447791786
6,81903838060944;-8,64936213684904
12,4035332111884;4,09319969735351
-13,675335585056;-9,03025970426326
-4,30564451015687;-4,07266212610986
-0,129892933429678;-3,73264067844628
11,7684120875745;-14,1865115339271
-9,26718773896125;-2,50476890600251
-9,68317885901424;4,7414234275616
-2,82075386855966;-0,634877460144629
11,4530478465828;-5,260157376669
-10,852688006947;3,66989246682985
-0,459026342222786;8,71835649111528
10,1419879675707;-6,19693845454935
18,9774472454318;-6,5438789251875
8,07126325810798;-0,0322927404770657
7,08242884892101;-16,2194312169195
6,58901087208624;-19,1179974282616
17,4210140488573;-12,8746026357528
10,0086862372584;1,28023659171178
6,26247899004985;-11,5683346969946
-10,3775149392879;-2,09750195989841
-15,0009898124977;22,0549611644018
13,7283976709499;12,6397545506929
-9,26562526535106;-13,1017252364231
0,0639223720032346;-1,56820754004323
-8,9024732738679;1,25604581449135
-10,4153870305691;0,672650748601207
13,8214348369991;-10,4768758163741
-6,50949370497465;-8,99328990419632
-0,684842778435151;4,98976025918215
6,78234562910333;-10,390432188438
1,40475293952032;-9,6238884788581
14,4408335037944;12,3533448225401
-3,48911391419258;0,604034495824026
5,75861083327695;-8,87116557217355
2,18189147253398;-1,0173114304158
0,0494441447473629;1,83630403139764
0,453048908936158;9,61886125444857
-6,18640002703346;7,92570906904544
-8,01941257466349;11,0036296855346
1,2613341795054;-4,78799180871824
12,8312549055728;1,55381804290985
-10,7313363328099;-15,618784362788
2,16951841702941;-21,2719968201555
6,76218957695545;6,38159045449318
9,54209704329527;-22,5687664797283
2,63799993960483;-3,54305735606522
-0,11927892151448;-2,4830087537308
8,34142679129056;-10,6668696220371
-13,4919210609072;8,62069556838218
11,4953736785361;-3,90636111494728
-7,61342752523732;5,5087677595765
6,5503665361238;-12,0039728322275
2,80209197893414;0,840206241182522
-13,8138715392498;7,11633049877448
7,46685099968716;-3,4762455073349
6,59533790304659;-12,6013874705269
7,67960380658271;13,5979217054839
-14,2893153709092;4,65896240385187
4,37264396395655;0,576217905250933
-3,9530159371908;11,9818438916565
-9,43141752446226;-8,19754105396647
10,5276692986808;-11,8446704381709
5,51681463086158;-26,4511747644615
0,645316750108361;7,81205467836103
6,76390124335667;4,37601054451596
13,7850610280859;-10,9058389179055
-11,4296676883014;-0,142988191254841
-3,28274805168277;1,32020072759979
7,90703797301376;-9,03567532028333
-8,80458774356075;-2,72027022102204
-9,64135718153971;6,09215645886967
-3,84897613476501;-1,68780793291222
-2,01765767205841;7,73032913496879
8,95807993868076;2,45988560530667
-2,39757890634582;5,29722149933502
4,0716122096666;0,591015709597985
19,7744554713414;-5,19975228322599
9,0014624734189;11,2612927336104
2,97291232687126;-25,1664688433364
6,00319892229195;0,787964382992681
-2,83694707545555;11,722445788913
-5,07180805224311;1,66981361734569
3,09004653610606;2,71331906017349
-4,76414740727361;18,4686197607453
5,57822417409375;20,1509357204463
-2,78081917746656;11,9374538698824
8,59350208165421;5,64816049224473
-2,93356244207021;11,1741642738789
6,03416567186962;19,107985744758
12,4363894688425;1,26626032732387
1,93836090745169;-11,3249482296776
-6,89805778738274;-2,12439034125794
1,08218648217544;5,217070645989
-0,813034957108565;-8,16848332066339
7,94713731952122;0,951574999301321
0,759153592549926;4,18027401603009
-3,50397797686964;5,33876714611473
-0,64953052032181;-12,2348281253265
-1,36296862055321;8,82012396902839
-3,4860788793493;5,56929209464424
-16,4356968507412;-6,48334737161724
0,873018844604841;10,5286016477733
7,91906870015834;-6,7531396101536
2,0211814218416;-4,88123783278528
-6,52173633848703;1,49459566862617
-24,0074496811982;-4,86739796930451
-5,27215855096108;6,04650340210244
12,9248580416127;-4,02112965423399
6,27701137634759;-13,1993553813855
-3,0080055000373;9,92872239331575
-8,37816224240179;1,36835379118018
17,1118453963093;10,3131736773208
-1,95259991977261;-1,39675356333983
5,29322728552986;0,267987099011974
2,56785748452268;-7,01547457250482
7,2972847226755;6,62874452407543
6,01584603401495;-5,12721931371907
-0,222130767763746;-6,59676677017314
-22,9724285133832;4,09957683243403
-6,18546579895801;19,8592085634931
-2,72821678145794;6,12982747441225
4,89538587320048;6,94507244424897
0,0799316352063364;-16,2591989021814
-8,09617182497843;-11,3782035677343
-6,57193318050297;-13,1092348651059
13,423637350959;9,85995358038943
10,4830646808011;-11,3689687361381
12,5841123026735;2,98036068830062
6,56771657315375;-16,9079918207463
-15,3075518635219;-1,74739753191747
9,36799795315688;-1,91599289534612
1,73332370593527;-13,8302495643162
0,511286124977153;17,7030781814727
6,30317487928317;7,41130140509418
-10,532413854604;5,01419956634039
0,204085276592928;-5,33418669076713
-8,80395996482044;6,03524791707439
-1,19628368703226;8,85155793967707
-2,9392539749155;5,68270650750627
-4,8693790159658;-3,61070837124874
1,2198208321565;-3,96647890025192
-6,43940637335334;-1,7723770990811
-15,2001755729633;-3,08932478583774
5,57535213614782;5,26217211694156
-6,30595591998446;-12,6704843361262
-9,98349066443981;-16,2441650269181
15,0811080334149;-2,12419857920115
-10,3141634800565;-2,41330904668866
8,14073663463227;-2,44538409929436
-5,89247692565556;-16,9004261367489
25,0178719015533;-12,9365531518023
2,66579857334941;9,9362584697894
-5,05860022546488;1,47753027479426
12,4501718409784;5,74379700573409
-3,00049513005728;-0,691714785122906
-0,455808883195802;-16,5330192671544
3,65486968129881;16,4329795219338
8,57657158690917;20,4067735507719
4,35159700348572;7,81950934834175
-9,64143494889996;-9,13122413422712
-14,2931483223949;-0,321597406873842
6,58764629169802;-7,47819536743793
-11,9127950236221;-9,0938793247427
5,62170554701984;2,22409424733483
2,0321892860767;12,7590925537531
-9,68104635371199;-2,91291894039571
-13,4699353765083;-2,80849917648021
-20,7843747380468;10,7142326610532
-8,92400588991168;2,4667409122934
-8,54863251876384;11,0543333970252
-3,3115110241641;-2,70266355303071
-16,0589159651786;-1,6818050117358
5,99969607015967;-4,49955718808781
16,3776158989778;14,7225560311435
-11,3583199535228;-17,3955577383496
21,8465454777786;0,897201798961287
-10,7372644050925;2,50761360960441
-3,81712874776685;5,67683124234756
-11,8797694964197;-9,94342642931852
-12,5625747910839;3,8196319369493
-18,9233916022892;-0,372414313803529
3,90802029953552;-6,48052919998227
13,1384840236825;-19,4595711751493
-0,734578774530368;-3,37370807364747
0,126742991603701;8,50672860693662
-3,1001667083295;0,247375695993232
8,45553619353133;16,1611862866447
-4,55117560884862;-6,39480301334237
5,54331197086873;11,8470717791807
-16,7402493862237;11,5678119934114
3,01351880562565;-3,51586426457006
-7,22457797399027;-3,31038990290632
-9,80344525887691;-8,6816567211484
14,0962913515415;10,4246453958029
16,1962484141755;13,1109982576858
7,13648832857723;-3,1500977671546
12,1277779546528;-5,7155354974354
-8,88395989065627;-4,3119448675732
22,066999996395;24,1406605856956
1,61193108826701;19,1058767917974
-6,54965393240358;-17,5769834845521
-5,90332301638612;-3,69969860377917
11,5253105781045;0,816665964819459
-8,99274694292308;0,727412474530528
-5,00586896027116;0,691835664472296
3,34358321853889;2,3689371024275
-2,73590656598579;-19,8328096603107
-20,061287767435;-7,7176773868733
12,7096513980237;-14,0940566590744
-0,979967001783506;7,47969872391569
12,1741303616442;11,1840855041268
-4,06335432488076;10,209360855131
-3,73730541922403;17,0697262627723
13,0260641592232;-10,6201555600183
5,51778977543344;-21,4604118727865
-25,0481906403935;-8,67066947482023
6,88696209756323;11,5135464523321
11,9934334317426;-22,5887060904735
4,84709370210115;-0,0414771115877261
-4,72231184916775;6,22618107878394
-5,23658724875942;1,55806900004938
-3,78273008961728;-13,3247942062175
1,50371342544031;12,028827353541
-12,8681057096484;1,63038275637881
12,7250521245145;-8,60097855109064
20,7770090395336;-12,5955521430926
-2,77870365974414;4,39008523326279
15,9974797680899;-10,4050177381237
3,19651418886662;-1,42246994710653
-13,5647563520286;-1,59694293771141
-19,3555904332048;-2,89627988269298
10,0715484298802;11,4321300431227
-21,2126004498758;7,52622090963077
11,9369871350265;4,7304569381032
0,390514537382719;5,0917820286288
-8,74785428823195;-5,42910064889639
7,20491182619524;1,81599024124903
3,13662999402318;5,17542506056222
12,6779200246583;-3,49965342000574
9,87732742916285;0,146090122341266
-1,31530708939498;-6,82243214212915
-4,50050560129272;3,46947389958588
0,965321498864816;-1,4660033388549
-8,44507656387953;-1,58391525348466
13,1268805795497;-5,34877402938183
-0,996012968235286;9,91174108494804
-1,04110536220704;-3,24685914709069
-2,34123599402944;11,4907444282943
1,9653481993962;7,43950735412818
-1,12752166653485;16,6020966675189
-0,809161102966033;-5,66786004042959
9,19560537312128;12,2123867831543
6,09828493019121;4,02369593668904
-7,73837323910666;6,15240250262525
-3,54537708228578;0,473777244617374
-9,70767504345431;10,750267195719
-27,0667731835102;-2,24712688295249
-7,75254069592055;-2,74934845246701
15,6225056448354;2,7551119208213
6,19023854558492;-3,6130830539044
4,87478010791688;2,79633931988049
-0,458621477590375;-2,2347008647675
3,22597055368271;1,05821560884735
12,7574028293195;8,39443649299004
-10,811046838506;8,15132029091539
-2,38124861065702;1,32871659767341
-17,2411056163513;-6,23883226153323
11,3318753765866;19,8893964783444
7,58422266740287;-7,10732582220807
5,81662434886361;-2,93923697315386
12,5768207641837;-1,19135746649524
0,526230618755527;-14,3981912827605
7,00840054525404;-1,57199923669329
17,8162658278385;0,780754561041011
-6,09202488953819;12,6799651851147
9,76669430036658;-2,47542957765209
10,0085149110418;-8,66380642566786
-8,20743184954122;-9,56010341420735
-8,59747188581974;2,73458022587022
11,2699032562781;8,17967836901605
4,11862250391532;6,34129915450869
-20,4270465136147;-12,5016879907343
-7,08399939394646;7,21433956275236
20,4696257693676;18,7078257247714
-10,0881673415524;9,6496836415573
-0,231977317306871;-6,43867360760443
-5,00166221644746;-13,0651043751926
-7,54824592035958;-0,290970918267723
17,9559366355188;2,03584361053646
-16,5554365446858;8,85188993870865
-29,9212188837877;9,41939045683254
-3,41125872304901;-14,323822569732
-10,362167550048;-5,37327933019216
-2,74328261705286;-3,58601399607152
-6,3849329840852;0,0612063605518784
4,91328201282536;-3,16029764935067
-5,86454015091126;1,48291706859831
-18,8584916357344;-12,2505269984212
3,0303798918249;1,89365701560437
1,03865432091142;-2,25072200225846
6,6733073792279;-3,19155533651379
6,11497190063815;12,8801471384293
-20,1892298360953;15,486954692196
12,0058786942978;-12,3901785892716
-1,61606853299652;-14,6285016887763
-5,6275987561197;36,5603525299216
-3,5724988064116;15,1818396393548
7,60178518509656;-8,03246609868646
-9,68096118036646;-7,48708037357253
4,16966950892418;-0,128903223090026
4,99575996116204;13,5172122313189
3,86184009830392;-0,360390513513775
-11,0040702311975;17,5493899361154
-9,02059559622883;14,9463493852038
-5,8753376937792;6,9571397312539
-2,77575277886855;9,83724507437997
2,37299569392667;0,906334263423213
-8,92354013275572;-5,70166344540843
4,82206842293749;-4,74076489910621
-5,8656988812055;-11,214357399491
2,05658170308395;-10,9586594742268
-18,9189142977135;-9,82935870927619
9,0552823918405;11,3389294938401
-1,84278313571626;-10,8784436784486
-12,8305286623753;6,00419373276838
-21,3663782340362;0,362280031292514
8,69517854394683;2,71721507497907
17,4222594345093;14,8336432089067
20,1818812828705;3,97468932384848
-3,33022997044651;6,17768818228168
-16,8062256913921;-6,48791305278957
8,09640145015349;0,876856916350563
3,50666803831917;-4,51138760963969
-1,57091159349327;3,37437822812429
15,1907936092404;8,91951471508684
4,20356000458505;15,7331730399866
15,7894316451553;3,68278512301984
1,99547076118025;-1,43430080472128
-10,9005193537252;-4,12877435101248
10,1654310345124;-0,0293920346891971
2,78773555745414;-8,56158167354427
-1,72067599025323;2,27377001171567
-1,92456234387715;-7,43184111118287
3,07060320633413;-9,92015590570067
2,62890521374863;4,13434306270972
-4,5301220416428;14,4936587114585
-8,30911101223641;4,63909042754864
-15,1548351274199;18,1997208075145
5,4944322377544;4,4389231194331
-15,3356689432694;3,44474201378689
3,19981338382045;20,4000765694693
1,23753106079128;8,9141938712476
-1,5983546715777;-20,9530683379887
11,741228240545;2,25858496662815
4,72592458934246;1,98998964988842
-6,32551656763073;-6,97865790731727
-1,36743410493737;-1,35561615484789
-15,3118285623402;-7,03415228550354
9,60199344593097;10,2900925087837
-9,96196132189865;-0,598268229780529
-6,14384281142637;-11,0444650659278
-3,44263735901532;-17,0224550427495
-2,57507379808639;-24,8303595097359
16,460417200343;7,1523290422726
0,818603644740135;10,679327120562
2,39539921728631;-5,07763051543445
-11,7448770717628;2,96908645456242
-21,1231353642373;11,8727384268006
1,06006177682754;-2,34784403878145
4,0981244375542;1,00089740297487
16,3670582755497;-18,2328315695915
-7,21543082301786;-3,72396889685057
4,71990531253899;8,72665610658363
7,00802516947324;-2,37391778148738
-2,46890426013138;-10,1805407243328
2,92850820054585;-6,02110654648626
-31,6382869739943;2,31712297344602
-6,54819482994839;-17,5830046903888
-1,72712319236354;-10,0244171359424
-25,7248902531566;15,1434834909264
8,29005321148061;-7,28446681320785
-6,77053800862137;9,24939872462326
14,658981749592;-10,9956392908614
-1,12792339261477;-4,37828326396822
-5,61978543882311;-16,4734307192041
8,26386322182254;-10,8905830183502
18,9371480400627;12,6945289150278
-21,7884154320043;-1,72046007637994
-16,6713163909375;6,42657323061073
-15,6153545708497;-11,6055418499728
-5,48692686297288;1,42092616579804
3,22361442257828;-6,81799469715532
-2,06556829866725;5,32623356076662
2,842026014532;-9,86901919573694
-0,961976129510217;-0,672899122254328
-10,2991505607561;-28,4054778039087
5,13389714977974;-1,93858999183831
3,30533302562448;8,90738125691443
10,0967720307614;-3,72296195257615
-8,27140005919658;-6,81611625746155
7,4827049024595;-7,45698749431726
-13,3256440992639;-6,63231343826458
-6,35663485920205;-5,05434370431376
-2,13062538228456;8,59591255840949
12,6872446392313;1,58689819388089
2,52041443787076;-4,56032317241339
9,42218541656253;3,08629888422599
5,20705950574542;9,17551816072144
6,21469731202773;13,5638617459968
-5,61650612703999;-6,0731439584166
15,7952283694361;-7,18094616223924
-2,4742158471414;-2,34619463132601
0,270215755257977;-6,15789189083131
2,97661630019515;4,84078454381299
-0,259148522784244;-7,75538198485594
12,2422999677069;-4,1558315806655
3,11766991066358;10,4386947641694
21,5521578527417;-7,39782905540297
1,19547656997496;-16,9050414867943
-12,1492153074622;9,36602254880556
-0,264791708885988;15,722043643557
3,7318463719092;8,49306426792691
-4,00556994593428;-14,3769194682176
-10,0061428827221;-0,816170939964731
0,709857173127879;-2,4516090101625
-8,16060322622823;5,33040741098504
3,68084653029856;-8,386960667854
8,66106999153013;-5,73664962570227
-3,91162537031911;4,59840974794845
5,66905495049725;18,8838291501685
3,66018897171283;1,24298351120391
-2,38727362590275;-15,2475013089905
12,3457504960424;-3,72255189697931
-17,1099656934508;9,51635689996246
12,6530605781864;4,45758970549755
-16,6099792865469;-9,12402930376986
-0,58773901809203;-2,36280532296032
11,6466865990195;-13,7434024529795
-1,22053713779871;10,640738708758
-5,74288114794335;-4,21159462822656
-15,2439434289648;-6,74231467578333
3,31801114775577;0,0630422343424252
-4,47707012404765;-0,32379070815258
-14,2922052531267;-1,22730223363055
5,05586945977442;6,79951843444001
3,60622638666739;-4,55281794915267
-2,61219305977684;-11,325369248379
9,67277573840871;-16,8225895536883
-9,05280547913203;-6,8827294718557
-3,36799016507489;-0,296755376877063
-1,06657385801664;4,95498366173516
8,82076744988261;-3,94164499436674
10,8768425146116;-14,3289050530977
13,9746902179025;-14,031242745949
13,3927452818849;1,04095431884406
-6,752526409462;17,9104164320238
2,70137207068291;13,8376847609085
-1,19952513611249;-3,20783182124096
-2,93661263313427;0,678369393636225
-0,845082940807168;8,52825926925835
3,81192064086546;8,04268301905076
26,4649374654164;6,62020722580183
-9,3139188096137;0,961074756501378
-22,8686186314702;-7,85298588168085
-0,61540618971381;-6,88279375638845
3,80264992415872;21,3263565460972
4,8109914681356;7,4306008907904
-8,09343227905432;-2,7026011631131
-19,0184343180739;4,69020620432656
-4,79974807887303;-3,62538336988184
-15,9019790822797;-8,07206639973647
-14,708994287388;8,79955545943018
-3,06807991445626;13,1110563089137
9,33011692761086;-3,91531516067685
11,6366379288225;-7,15633041084582
16,5464232366956;14,0678083195505
-2,66116314548908;10,1567809734311
-2,00301701032273;-19,2336439743409
-7,67901055027578;0,379434379481099
15,3683432146987;-0,530940991982671
-2,9917380730396;12,7994831929584
-11,615646861573;-6,50148369785823
16,9607879130754;12,5946560947875
17,0517936198162;-3,18796485853859
-7,38978078621264;-8,09516680127802
15,640932644278;2,8674320653445
-5,62078520491062;20,4378804523178
1,41217024017532;6,85481077012773
-4,87266822292785;-29,0180703544433
-2,8044184412032;-22,0940397524648
-1,74284433221237;7,17206383233334
-8,87778806003115;-7,74411667392611
-22,2549206654548;-4,36102981580162
3,7181768496613;-30,7831235528047
-6,5129664846578;1,54956748816155
4,84976761082756;4,545780593703
-1,0987041415838;-12,8236685805474
-12,6606900792428;-14,5083633835928
-5,1137299437159;10,575377932636
8,15163801524398;15,8548790175252
-7,72082469084763;-5,52926748029192
12,6938220682575;-7,88244147547603
-18,276545055125;-17,4820584996782
-5,37270676112592;-0,682932350012077
7,2749666148663;4,53658862354299
1,50113251298684;-14,2283053560396
-0,788398643620686;0,600915431670427
-3,40924608285833;4,3333200608274
4,56713752109678;-16,2304462987259
-11,1673284514523;0,0152100850868675
26,6285358710252;-6,74374238529107
18,6181226594268;5,53509126806119
-7,40010762360295;7,72018071096269
-22,0638023969068;-16,5405355620154
8,52807577156439;-10,2019108252282
-4,35431428756948;11,561509526131
-21,0944989017568;-2,96167377247398
8,94168240528935;16,8857858754532
25,956264614257;-5,70408362577126
-4,13107284188359;19,443774212613
4,34413989801172;-15,4595784149892
-4,02310511810628;-13,0052680944302
-5,72343738230108;-19,7209690721505
-6,66804325165679;3,40185000739723
-6,72136154814103;15,2273073420143
-12,484777848734;-4,07683434047963
-21,0819248568478;1,97312909781157
-11,4601110499959;-3,81661046967974
-14,6177212009158;-0,983968705240271
-2,16172818443527;2,61473369263296
5,53323171869184;-9,57876784003269
-0,772203394646826;8,45371445450171
-4,35170306900307;16,2354483002032
20,5886991497896;-3,42555021188341
-3,01501512542786;-9,8303121034976
-6,32893311800942;4,48035080954856
-2,77300129105192;1,90927628777804
-8,0237736632348;-2,09702931304571
-14,2311027949543;-19,2861748763109
10,5051142099466;7,96842280432439
-4,92971786574057;-4,02479308610218
-7,93422259798301;5,00256103019018
0,18156969674377;-6,27265250987396
-10,2062822495578;-6,48548179976382
-7,02405221780905;1,62590344885397
0,687048579258617;8,83768649707102
-18,3223235438986;4,9941860582002
17,7451676091136;1,43141852713809
14,0231803258476;-13,5235627962801
4,14999426232163;-17,8040280819549
-9,35029090253603;6,5154947152041
9,71195786952905;6,68298456278456
